ID,Total Edits,Edit Time,Date
130261,96,31227,3/2/2015
130261,79,28653,3/3/2015
130261,89,28052,3/4/2015
130261,96,27495,3/5/2015
130261,118,30904,3/8/2015
130261,108,26853,3/9/2015
130261,100,27290,3/10/2015
130261,111,28517,3/11/2015
130261,90,24985,3/12/2015
130261,107,29948,3/14/2015
130261,93,28721,3/16/2015
130261,99,30362,3/17/2015
130261,89,29617,3/18/2015
130261,75,26167,3/19/2015
130261,119,30345,3/21/2015
130271,48,16055,3/1/2015
130271,71,21886,3/2/2015
130271,75,24511,3/3/2015
130271,81,24985,3/4/2015
130271,72,24426,3/5/2015
130271,83,22399,3/6/2015
130271,46,15651,3/8/2015
130271,76,20800,3/9/2015
130271,73,21930,3/10/2015
130271,93,25944,3/11/2015
130271,86,23096,3/12/2015
130271,73,24943,3/13/2015
130271,80,21742,3/15/2015
130271,71,18214,3/16/2015
130271,80,22944,3/17/2015
130271,69,21241,3/18/2015
130271,68,22259,3/19/2015
130271,52,19125,3/20/2015
130271,61,23708,3/22/2015
130292,88,24574,3/1/2015
130292,56,18739,3/2/2015
130292,76,20212,3/3/2015
130292,52,13755,3/4/2015
130292,98,25627,3/5/2015
130292,37,12063,3/6/2015
130292,101,25319,3/7/2015
130292,81,20145,3/9/2015
130292,63,19825,3/10/2015
130292,85,25918,3/11/2015
130292,67,21160,3/12/2015
130292,54,14287,3/13/2015
130292,26,6165,3/15/2015
130292,73,20225,3/16/2015
130292,24,7117,3/17/2015
130292,60,19948,3/18/2015
130292,86,22064,3/19/2015
130292,65,18735,3/20/2015
130292,74,22545,3/22/2015
130297,78,25876,3/1/2015
130297,67,21028,3/2/2015
130297,64,21803,3/3/2015
130297,72,24758,3/4/2015
130297,68,24101,3/5/2015
130297,69,23333,3/6/2015
130297,66,26255,3/7/2015
130297,75,23013,3/9/2015
130297,73,23394,3/10/2015
130297,70,27204,3/11/2015
130297,75,27459,3/12/2015
130297,65,23004,3/13/2015
130297,69,27035,3/14/2015
130297,80,22813,3/16/2015
130297,68,24041,3/17/2015
130297,69,26745,3/18/2015
130297,52,22465,3/19/2015
130297,65,22158,3/20/2015
130297,66,24631,3/21/2015
130300,85,26016,3/1/2015
130300,71,20391,3/2/2015
130300,82,21392,3/3/2015
130300,73,21922,3/4/2015
130300,92,26620,3/5/2015
130300,79,22671,3/6/2015
130300,94,26062,3/7/2015
130300,80,21982,3/9/2015
130300,69,21253,3/10/2015
130300,80,21604,3/11/2015
130300,92,25292,3/14/2015
130300,72,21990,3/16/2015
130300,68,22104,3/17/2015
130300,77,22887,3/18/2015
130300,87,24710,3/19/2015
130300,73,23014,3/20/2015
130300,92,24870,3/21/2015
130333,9,1196,3/2/2015
130333,34,7463,3/3/2015
130333,28,6838,3/4/2015
130333,9,1700,3/5/2015
130333,23,3044,3/6/2015
130333,25,2145,3/9/2015
130333,10,770,3/10/2015
130333,12,1497,3/11/2015
130333,6,1886,3/12/2015
130333,5,594,3/13/2015
130333,24,6374,3/16/2015
130333,23,8363,3/17/2015
130333,4,1230,3/18/2015
130333,1,221,3/19/2015
130333,1,370,3/21/2015
130334,4,838,3/2/2015
130334,28,6230,3/3/2015
130334,32,5697,3/4/2015
130334,18,3728,3/5/2015
130334,44,7341,3/6/2015
130334,25,6639,3/7/2015
130334,34,6000,3/9/2015
130334,34,5095,3/10/2015
130334,35,9384,3/11/2015
130334,42,8001,3/12/2015
130334,49,7029,3/13/2015
130334,38,7105,3/14/2015
130334,46,7315,3/16/2015
130334,40,9468,3/17/2015
130334,25,6893,3/18/2015
130334,7,1977,3/19/2015
130334,38,10453,3/20/2015
130334,40,14137,3/21/2015
130345,80,23220,3/2/2015
130345,90,25998,3/3/2015
130345,74,22637,3/4/2015
130345,91,27774,3/6/2015
130345,90,27147,3/7/2015
130345,74,22868,3/9/2015
130345,101,27899,3/10/2015
130345,78,23025,3/11/2015
130345,68,24148,3/12/2015
130345,79,24575,3/13/2015
130345,82,27019,3/14/2015
130345,83,22207,3/16/2015
130345,98,27441,3/17/2015
130345,68,23014,3/18/2015
130345,72,23502,3/19/2015
130345,70,24997,3/20/2015
130345,96,25578,3/21/2015
130350,59,25738,3/1/2015
130350,87,29352,3/2/2015
130350,60,24431,3/4/2015
130350,57,23997,3/5/2015
130350,62,26173,3/6/2015
130350,70,29212,3/9/2015
130350,71,25356,3/10/2015
130350,75,27225,3/11/2015
130350,65,28512,3/12/2015
130350,72,34056,3/13/2015
130350,33,12828,3/14/2015
130350,65,26354,3/16/2015
130350,66,28363,3/17/2015
130350,63,28686,3/18/2015
130350,63,27723,3/19/2015
130350,62,25539,3/20/2015
130356,64,26171,3/1/2015
130356,12,4879,3/15/2015
130356,27,6813,3/16/2015
130356,33,7760,3/17/2015
130356,4,1466,3/19/2015
130356,14,5829,3/20/2015
130356,19,7560,3/22/2015
130424,119,24100,3/1/2015
130424,58,11679,3/2/2015
130424,29,8349,3/3/2015
130424,17,4044,3/5/2015
130424,42,9441,3/6/2015
130424,79,18968,3/8/2015
130424,57,5330,3/9/2015
130424,38,10273,3/10/2015
130424,29,6965,3/12/2015
130424,55,13284,3/13/2015
130424,101,22641,3/15/2015
130424,90,18245,3/16/2015
130424,49,12879,3/17/2015
130424,16,4647,3/19/2015
130424,25,6660,3/20/2015
130424,82,16985,3/22/2015
130467,85,19474,3/2/2015
130467,73,16443,3/3/2015
130467,75,18239,3/4/2015
130467,99,23711,3/5/2015
130467,78,17724,3/6/2015
130467,90,17864,3/8/2015
130467,72,18042,3/9/2015
130467,98,19550,3/10/2015
130467,64,14646,3/11/2015
130467,86,18902,3/12/2015
130467,66,17564,3/13/2015
130467,96,24006,3/14/2015
130467,70,15487,3/16/2015
130467,79,18917,3/17/2015
130467,65,14686,3/18/2015
130467,81,22094,3/19/2015
130467,65,15099,3/20/2015
130467,83,16976,3/21/2015
130504,63,20933,3/1/2015
130504,7,3059,3/2/2015
130504,20,2588,3/3/2015
130504,33,7532,3/4/2015
130504,37,4471,3/5/2015
130504,20,3009,3/9/2015
130504,48,5734,3/10/2015
130504,35,6574,3/11/2015
130504,23,2721,3/12/2015
130504,33,5172,3/13/2015
130504,58,10593,3/16/2015
130504,35,11716,3/17/2015
130504,39,12058,3/20/2015
130506,28,4964,3/3/2015
130506,19,4053,3/4/2015
130506,32,5260,3/5/2015
130506,23,4801,3/6/2015
130506,32,11119,3/7/2015
130506,8,3110,3/8/2015
130506,37,6471,3/9/2015
130506,43,9043,3/10/2015
130506,13,3433,3/12/2015
130506,42,11465,3/13/2015
130506,27,6866,3/14/2015
130506,2,637,3/15/2015
130506,14,5101,3/17/2015
130506,40,14448,3/20/2015
130506,26,10258,3/21/2015
130507,81,21169,3/2/2015
130507,94,26525,3/3/2015
130507,67,21888,3/4/2015
130507,81,27022,3/7/2015
130507,71,22916,3/9/2015
130507,129,38059,3/10/2015
130507,86,25299,3/11/2015
130507,143,38523,3/14/2015
130507,79,22744,3/16/2015
130507,83,26258,3/17/2015
130507,69,22785,3/18/2015
130507,93,27646,3/21/2015
130509,64,21218,3/2/2015
130509,60,23088,3/3/2015
130509,14,4356,3/5/2015
130509,71,23926,3/6/2015
130509,89,29490,3/7/2015
130509,98,27421,3/9/2015
130509,70,22838,3/10/2015
130509,32,8308,3/11/2015
130509,27,8312,3/12/2015
130509,95,30214,3/13/2015
130509,101,30585,3/14/2015
130509,79,25189,3/16/2015
130509,79,20475,3/17/2015
130509,59,22221,3/18/2015
130509,57,22213,3/19/2015
130509,70,26386,3/20/2015
130509,70,25328,3/22/2015
140035,66,19303,3/2/2015
140035,57,19098,3/3/2015
140035,64,19256,3/4/2015
140035,70,19001,3/5/2015
140035,58,16683,3/6/2015
140035,54,19159,3/7/2015
140035,46,12460,3/9/2015
140035,66,17327,3/10/2015
140035,60,18491,3/11/2015
140035,50,20919,3/12/2015
140035,56,20280,3/13/2015
140035,59,20283,3/14/2015
140035,55,21847,3/16/2015
140035,47,18801,3/17/2015
140035,56,20529,3/18/2015
140035,56,17934,3/19/2015
140035,61,20749,3/20/2015
140035,57,20732,3/21/2015
140045,68,19898,3/2/2015
140045,69,18989,3/3/2015
140045,63,15584,3/4/2015
140045,73,18923,3/5/2015
140045,64,20462,3/6/2015
140045,88,23586,3/7/2015
140045,70,19287,3/9/2015
140045,73,17895,3/10/2015
140045,81,16639,3/11/2015
140045,81,20377,3/12/2015
140045,81,20677,3/13/2015
140045,82,21970,3/15/2015
140045,78,22553,3/16/2015
140045,69,19106,3/17/2015
140045,61,19454,3/18/2015
140045,65,20769,3/19/2015
140045,65,16909,3/20/2015
140045,81,24249,3/21/2015
140062,61,19965,3/3/2015
140062,82,20551,3/5/2015
140062,98,25557,3/7/2015
140062,79,25066,3/8/2015
140062,86,21654,3/10/2015
140062,90,22751,3/11/2015
140062,46,18719,3/15/2015
140062,79,20721,3/17/2015
140062,71,25355,3/19/2015
140062,81,25269,3/21/2015
140062,65,21911,3/22/2015
140069,46,23456,3/2/2015
140069,51,21585,3/3/2015
140069,88,25431,3/4/2015
140069,47,23613,3/5/2015
140069,52,21540,3/6/2015
140069,66,23002,3/7/2015
140069,71,15556,3/9/2015
140069,51,21360,3/10/2015
140069,59,22904,3/11/2015
140069,49,21856,3/12/2015
140069,58,24724,3/13/2015
140069,59,22759,3/14/2015
140069,43,22367,3/16/2015
140069,58,22399,3/17/2015
140069,62,23620,3/18/2015
140069,61,23446,3/19/2015
140069,56,22950,3/20/2015
140069,64,23503,3/21/2015
140115,76,26720,3/1/2015
140115,82,27976,3/2/2015
140115,75,24523,3/3/2015
140115,84,25547,3/4/2015
140115,81,24933,3/6/2015
140115,84,27783,3/8/2015
140115,93,23836,3/9/2015
140115,81,25283,3/10/2015
140115,86,27217,3/11/2015
140115,46,18073,3/12/2015
140115,114,40809,3/13/2015
140115,83,27969,3/15/2015
140115,80,24937,3/16/2015
140115,92,25898,3/17/2015
140115,70,24798,3/18/2015
140115,71,18106,3/20/2015
140115,74,26072,3/22/2015
140219,68,21986,3/1/2015
140219,42,15356,3/2/2015
140219,93,27848,3/3/2015
140219,84,29730,3/4/2015
140219,109,28992,3/5/2015
140219,74,22896,3/6/2015
140219,80,24453,3/8/2015
140219,80,11863,3/9/2015
140219,86,22012,3/10/2015
140219,89,25170,3/11/2015
140219,87,19463,3/12/2015
140219,74,20971,3/13/2015
140219,80,21997,3/15/2015
140219,74,18064,3/16/2015
140219,77,17781,3/17/2015
140219,85,20482,3/18/2015
140219,79,20845,3/19/2015
140219,87,23880,3/20/2015
140219,68,20053,3/22/2015
140264,64,24540,3/1/2015
140264,60,23589,3/2/2015
140264,51,15913,3/3/2015
140264,21,5576,3/4/2015
140264,76,21474,3/5/2015
140264,52,14605,3/6/2015
140264,16,5629,3/7/2015
140264,72,22327,3/8/2015
140264,71,25219,3/9/2015
140264,51,16718,3/10/2015
140264,2,2465,3/11/2015
140264,84,20479,3/12/2015
140264,56,15064,3/13/2015
140264,77,23865,3/15/2015
140264,57,19288,3/16/2015
140264,86,21665,3/17/2015
140264,35,10188,3/19/2015
140264,75,22373,3/20/2015
140265,82,22129,3/1/2015
140265,96,27015,3/2/2015
140265,102,30616,3/3/2015
140265,92,28743,3/4/2015
140265,92,24037,3/5/2015
140265,94,27129,3/6/2015
140265,44,12489,3/8/2015
140265,83,24969,3/9/2015
140265,114,33185,3/10/2015
140265,90,28398,3/12/2015
140265,142,38585,3/13/2015
140265,49,16583,3/14/2015
140265,53,19606,3/15/2015
140265,73,19847,3/16/2015
140265,75,21548,3/17/2015
140265,71,19463,3/18/2015
140265,80,20903,3/19/2015
140265,71,20210,3/20/2015
140265,74,22522,3/22/2015
140266,53,19553,3/2/2015
140266,35,9701,3/3/2015
140266,49,15320,3/4/2015
140266,58,18625,3/6/2015
140266,52,17841,3/7/2015
140266,60,8616,3/9/2015
140266,38,11853,3/10/2015
140266,50,17380,3/11/2015
140266,42,13698,3/13/2015
140266,49,19646,3/14/2015
140266,51,20173,3/16/2015
140266,54,20626,3/17/2015
140266,45,16600,3/18/2015
140266,54,18652,3/20/2015
140266,47,20397,3/21/2015
140267,25,7365,3/2/2015
140267,22,5893,3/3/2015
140267,40,10833,3/4/2015
140267,17,6505,3/6/2015
140267,30,4404,3/9/2015
140267,22,6508,3/10/2015
140267,13,3861,3/11/2015
140267,16,4308,3/12/2015
140267,78,19946,3/13/2015
140267,28,8929,3/14/2015
140267,48,12721,3/16/2015
140267,30,9671,3/17/2015
140267,3,1158,3/19/2015
140267,5,1949,3/20/2015
140267,79,12248,3/21/2015
140268,47,17181,3/3/2015
140268,77,16256,3/4/2015
140268,84,17167,3/5/2015
140268,58,15202,3/6/2015
140268,44,16658,3/7/2015
140268,80,16577,3/10/2015
140268,53,15153,3/11/2015
140268,72,23406,3/12/2015
140268,66,24542,3/13/2015
140268,59,23045,3/14/2015
140268,65,18578,3/16/2015
140268,56,15584,3/17/2015
140268,73,20789,3/18/2015
140268,60,21522,3/19/2015
140268,57,18354,3/20/2015
140268,62,22108,3/21/2015
140270,55,18908,3/1/2015
140270,68,21500,3/2/2015
140270,64,20511,3/3/2015
140270,66,20644,3/5/2015
140270,67,20077,3/6/2015
140270,72,19917,3/8/2015
140270,69,8699,3/9/2015
140270,72,21370,3/10/2015
140270,46,13500,3/12/2015
140270,69,20162,3/13/2015
140270,68,20852,3/15/2015
140270,61,20208,3/16/2015
140270,61,18496,3/17/2015
140270,54,20094,3/19/2015
140270,59,16234,3/20/2015
140270,62,20304,3/22/2015
140274,61,22188,3/1/2015
140274,80,22310,3/2/2015
140274,84,22796,3/3/2015
140274,92,22080,3/4/2015
140274,79,24163,3/5/2015
140274,82,23418,3/6/2015
140274,83,24169,3/8/2015
140274,87,13286,3/9/2015
140274,73,22879,3/10/2015
140274,84,20570,3/11/2015
140274,87,19555,3/12/2015
140274,90,19158,3/13/2015
140274,85,21630,3/15/2015
140274,86,20802,3/16/2015
140274,87,19813,3/17/2015
140274,82,21967,3/18/2015
140274,81,20823,3/19/2015
140274,86,19491,3/20/2015
140274,80,20794,3/22/2015
140277,63,20568,3/1/2015
140277,57,22247,3/2/2015
140277,60,21277,3/3/2015
140277,71,27132,3/4/2015
140277,64,26164,3/5/2015
140277,64,22434,3/6/2015
140277,74,23609,3/8/2015
140277,61,15531,3/9/2015
140277,62,21418,3/10/2015
140277,61,24038,3/11/2015
140277,61,22325,3/12/2015
140277,71,20660,3/13/2015
140277,14,4862,3/14/2015
140277,58,24618,3/15/2015
140277,67,21553,3/16/2015
140277,62,23857,3/17/2015
140277,67,23179,3/18/2015
140277,59,21619,3/19/2015
140277,72,22695,3/20/2015
140277,76,22911,3/22/2015
140298,52,22139,3/1/2015
140298,76,18848,3/2/2015
140298,66,20706,3/3/2015
140298,72,21026,3/4/2015
140298,76,22455,3/5/2015
140298,79,23802,3/7/2015
140298,52,23385,3/8/2015
140298,56,14934,3/9/2015
140298,38,15486,3/10/2015
140298,54,21009,3/11/2015
140298,58,21238,3/12/2015
140298,37,18644,3/14/2015
140298,65,20948,3/15/2015
140298,42,21885,3/16/2015
140298,48,22258,3/17/2015
140298,58,19942,3/18/2015
140298,51,20237,3/19/2015
140298,39,20778,3/21/2015
140298,46,20647,3/22/2015
140315,61,14793,3/1/2015
140315,21,5851,3/2/2015
140315,72,16009,3/3/2015
140315,76,16391,3/4/2015
140315,87,16147,3/5/2015
140315,52,11601,3/6/2015
140315,14,3949,3/7/2015
140315,55,12671,3/8/2015
140315,12,0,3/9/2015
140315,74,14809,3/10/2015
140315,61,12502,3/11/2015
140315,59,12566,3/12/2015
140315,59,13699,3/13/2015
140315,4,2155,3/14/2015
140315,69,13913,3/15/2015
140315,8,3285,3/16/2015
140315,90,19073,3/17/2015
140315,56,13144,3/18/2015
140315,32,8073,3/19/2015
140315,66,14775,3/20/2015
140315,9,2201,3/22/2015
140322,72,15382,3/2/2015
140322,72,14929,3/3/2015
140322,71,14528,3/5/2015
140322,72,14349,3/6/2015
140322,71,13376,3/7/2015
140322,83,16348,3/9/2015
140322,72,15126,3/10/2015
140322,67,14254,3/12/2015
140322,74,14228,3/13/2015
140322,71,15347,3/14/2015
140322,71,15275,3/16/2015
140322,67,14979,3/17/2015
140322,62,17883,3/19/2015
140322,71,16173,3/20/2015
140322,72,15241,3/21/2015
140341,42,19438,3/2/2015
140341,34,17647,3/3/2015
140341,37,17994,3/4/2015
140341,35,16095,3/6/2015
140341,44,19285,3/7/2015
140341,43,18668,3/10/2015
140341,39,20207,3/11/2015
140341,50,23726,3/13/2015
140341,60,38385,3/14/2015
140341,43,15258,3/16/2015
140341,38,14196,3/18/2015
140341,49,20269,3/20/2015
140341,54,20052,3/21/2015
140341,58,19540,3/22/2015
140348,77,18799,3/2/2015
140348,98,23769,3/4/2015
140348,89,23539,3/5/2015
140348,66,19111,3/6/2015
140348,68,20624,3/7/2015
140348,78,10953,3/9/2015
140348,42,17537,3/10/2015
140348,87,21452,3/11/2015
140348,73,20853,3/12/2015
140348,36,16735,3/13/2015
140348,75,22394,3/14/2015
140348,94,29005,3/15/2015
140348,81,17970,3/16/2015
140348,84,19011,3/17/2015
140348,65,18792,3/18/2015
140348,84,20076,3/19/2015
140348,86,21425,3/21/2015
140348,69,21129,3/22/2015
140350,51,15159,3/1/2015
140350,72,18448,3/3/2015
140350,72,19323,3/4/2015
140350,97,27058,3/5/2015
140350,52,16556,3/7/2015
140350,80,18497,3/8/2015
140350,61,15528,3/10/2015
140350,60,18213,3/11/2015
140350,88,24066,3/12/2015
140350,24,4837,3/13/2015
140350,90,23333,3/14/2015
140350,80,21829,3/15/2015
140350,71,20661,3/16/2015
140350,83,21776,3/17/2015
140350,83,22740,3/18/2015
140350,76,22072,3/19/2015
140350,88,21643,3/21/2015
140350,49,20276,3/22/2015
140351,47,13106,3/2/2015
140351,102,26349,3/3/2015
140351,73,17599,3/4/2015
140351,81,19656,3/5/2015
140351,147,36940,3/6/2015
140351,110,28133,3/7/2015
140351,85,19810,3/8/2015
140351,107,17523,3/9/2015
140351,61,17019,3/10/2015
140351,87,18035,3/11/2015
140351,72,16464,3/12/2015
140351,113,27695,3/13/2015
140351,96,22700,3/14/2015
140351,87,18671,3/16/2015
140351,86,18456,3/17/2015
140351,73,17455,3/18/2015
140351,63,18510,3/19/2015
140351,68,19359,3/20/2015
140351,77,17663,3/21/2015
140354,78,23830,3/2/2015
140354,78,27226,3/3/2015
140354,116,36515,3/4/2015
140354,84,25962,3/5/2015
140354,86,25663,3/6/2015
140354,74,25790,3/7/2015
140354,85,14548,3/9/2015
140354,67,21749,3/10/2015
140354,81,26079,3/11/2015
140354,68,22214,3/12/2015
140354,64,25591,3/13/2015
140354,87,29045,3/14/2015
140354,86,33882,3/15/2015
140354,78,30690,3/16/2015
140354,79,25564,3/17/2015
140354,81,24663,3/18/2015
140354,55,24836,3/19/2015
140354,84,26556,3/20/2015
140354,66,26180,3/22/2015
140357,13,6104,3/2/2015
140357,66,21671,3/3/2015
140357,61,19827,3/4/2015
140357,58,19513,3/5/2015
140357,57,17668,3/6/2015
140357,53,18484,3/7/2015
140357,5,0,3/9/2015
140357,52,16950,3/10/2015
140357,8,2747,3/11/2015
140357,47,14983,3/12/2015
140357,8,2932,3/13/2015
140357,56,22765,3/14/2015
140357,27,20187,3/15/2015
140357,40,19026,3/17/2015
140357,2,4620,3/18/2015
140357,9,9811,3/19/2015
140357,22,22509,3/20/2015
140357,13,16122,3/21/2015
140357,3,3246,3/22/2015
140360,96,18828,3/3/2015
140360,72,17218,3/4/2015
140360,83,17564,3/5/2015
140360,81,18053,3/6/2015
140360,124,25210,3/7/2015
140360,83,16953,3/9/2015
140360,96,19333,3/10/2015
140360,75,19076,3/11/2015
140360,73,18903,3/12/2015
140360,94,28053,3/13/2015
140360,111,26247,3/14/2015
140360,79,16016,3/16/2015
140360,76,17024,3/17/2015
140360,65,19178,3/18/2015
140360,60,18517,3/19/2015
140360,96,18814,3/20/2015
140360,104,20365,3/21/2015
140361,81,24268,3/1/2015
140361,72,20424,3/2/2015
140361,82,23087,3/3/2015
140361,57,19183,3/4/2015
140361,67,21643,3/5/2015
140361,67,19583,3/6/2015
140361,79,24249,3/8/2015
140361,56,21013,3/9/2015
140361,84,24917,3/10/2015
140361,39,16316,3/11/2015
140361,38,15461,3/12/2015
140361,59,20908,3/13/2015
140361,38,17464,3/16/2015
140361,83,23440,3/17/2015
140361,64,21791,3/18/2015
140361,60,22254,3/19/2015
140361,60,20639,3/20/2015
140361,68,24564,3/22/2015
140362,62,18144,3/1/2015
140362,34,8881,3/2/2015
140362,13,3551,3/3/2015
140362,37,11558,3/4/2015
140362,15,4196,3/5/2015
140362,38,10783,3/6/2015
140362,15,4361,3/7/2015
140362,51,15745,3/8/2015
140362,66,17666,3/9/2015
140362,6,1733,3/10/2015
140362,50,15939,3/11/2015
140362,10,3037,3/12/2015
140362,57,20625,3/13/2015
140362,6,3359,3/14/2015
140362,69,19347,3/15/2015
140362,67,22683,3/16/2015
140362,69,22093,3/17/2015
140362,41,15889,3/18/2015
140362,9,3373,3/19/2015
140362,55,16452,3/20/2015
140362,7,2253,3/22/2015
140366,48,16220,3/1/2015
140366,63,15953,3/2/2015
140366,60,15663,3/3/2015
140366,60,14560,3/4/2015
140366,56,16708,3/6/2015
140366,71,17255,3/8/2015
140366,86,20958,3/9/2015
140366,52,14977,3/10/2015
140366,60,16941,3/11/2015
140366,62,16288,3/13/2015
140366,38,13127,3/15/2015
140366,60,17198,3/16/2015
140366,55,14966,3/17/2015
140366,54,16728,3/18/2015
140366,50,14133,3/20/2015
140366,61,16972,3/22/2015
140368,87,15141,3/9/2015
140368,60,16000,3/10/2015
140368,80,17130,3/11/2015
140368,95,18643,3/12/2015
140368,88,16113,3/13/2015
140368,111,16691,3/15/2015
140368,96,19282,3/16/2015
140368,106,18382,3/17/2015
140368,98,17776,3/18/2015
140368,88,15698,3/19/2015
140368,106,19588,3/22/2015
140371,106,32345,3/3/2015
140371,84,27530,3/4/2015
140371,62,19065,3/5/2015
140371,64,21096,3/6/2015
140371,69,30856,3/7/2015
140371,86,23981,3/10/2015
140371,86,27037,3/11/2015
140371,121,35897,3/12/2015
140371,109,36861,3/13/2015
140371,107,30081,3/14/2015
140371,53,22518,3/17/2015
140371,85,18246,3/18/2015
140371,69,17211,3/19/2015
140371,83,24195,3/21/2015
140372,38,18025,3/1/2015
140372,14,5326,3/2/2015
140372,38,14527,3/3/2015
140372,15,6057,3/4/2015
140372,55,17699,3/5/2015
140372,56,16306,3/6/2015
140372,61,20898,3/7/2015
140372,52,16848,3/8/2015
140372,7,0,3/9/2015
140372,35,12817,3/10/2015
140372,58,17226,3/11/2015
140372,48,17352,3/12/2015
140372,42,16118,3/13/2015
140372,59,21668,3/16/2015
140372,56,17290,3/17/2015
140372,2,1191,3/18/2015
140372,23,6952,3/19/2015
140372,53,18652,3/20/2015
140372,8,2603,3/21/2015
140372,97,23880,3/22/2015
140376,88,27823,3/2/2015
140376,48,21871,3/3/2015
140376,62,22191,3/4/2015
140376,58,21496,3/6/2015
140376,55,22967,3/8/2015
140376,92,23409,3/9/2015
140376,73,23365,3/10/2015
140376,57,24917,3/11/2015
140376,64,24781,3/13/2015
140376,19,10834,3/15/2015
140376,57,24869,3/16/2015
140376,47,23413,3/17/2015
140376,52,26355,3/18/2015
140376,41,24383,3/20/2015
140376,49,21443,3/22/2015
140463,59,22407,3/2/2015
140463,53,22761,3/3/2015
140463,56,24764,3/4/2015
140463,46,23516,3/5/2015
140463,70,22085,3/6/2015
140463,70,26478,3/7/2015
140463,49,21824,3/9/2015
140463,53,21507,3/10/2015
140463,55,26253,3/11/2015
140463,56,25520,3/12/2015
140463,55,23408,3/13/2015
140463,72,25675,3/14/2015
140463,74,20883,3/16/2015
140463,72,22715,3/17/2015
140463,59,26021,3/18/2015
140463,67,22075,3/19/2015
140463,78,22595,3/20/2015
140463,77,25576,3/21/2015
140467,80,21669,3/9/2015
140467,75,21105,3/10/2015
140467,92,26809,3/11/2015
140467,66,22731,3/12/2015
140467,78,23780,3/13/2015
140467,85,26349,3/14/2015
140467,83,21610,3/16/2015
140467,82,22610,3/17/2015
140467,96,26662,3/18/2015
140467,74,22106,3/19/2015
140467,84,21946,3/20/2015
140467,102,26108,3/21/2015
140469,119,29099,3/9/2015
140469,80,18841,3/10/2015
140469,91,26781,3/11/2015
140469,86,21335,3/12/2015
140469,79,26354,3/13/2015
140469,65,23296,3/15/2015
140469,75,20322,3/16/2015
140469,72,22241,3/17/2015
140469,77,22397,3/18/2015
140469,87,23259,3/19/2015
140469,73,20484,3/20/2015
140469,94,26964,3/21/2015
140476,70,17374,3/2/2015
140476,57,15878,3/3/2015
140476,59,17791,3/4/2015
140476,89,19525,3/5/2015
140476,78,18286,3/6/2015
140476,84,21548,3/7/2015
140476,74,22092,3/9/2015
140476,89,19761,3/10/2015
140476,64,17359,3/11/2015
140476,54,16050,3/12/2015
140476,93,20964,3/13/2015
140476,88,22732,3/14/2015
140476,67,18217,3/16/2015
140476,87,18178,3/17/2015
140476,88,21580,3/18/2015
140476,71,19538,3/19/2015
140476,73,19370,3/20/2015
140476,97,22953,3/21/2015
140479,60,14319,3/1/2015
140479,58,14255,3/3/2015
140479,49,14204,3/4/2015
140479,46,14249,3/5/2015
140479,74,14835,3/6/2015
140479,70,13530,3/7/2015
140479,61,13295,3/10/2015
140479,59,13971,3/11/2015
140479,53,13060,3/12/2015
140479,31,7446,3/13/2015
140479,55,15146,3/14/2015
140479,61,13809,3/17/2015
140479,58,14868,3/18/2015
140479,53,13641,3/19/2015
140479,63,13577,3/20/2015
140480,77,23644,3/1/2015
140480,70,23177,3/2/2015
140480,60,19741,3/3/2015
140480,48,19907,3/4/2015
140480,58,22453,3/5/2015
140480,53,19892,3/6/2015
140480,77,23221,3/8/2015
140480,55,20119,3/9/2015
140480,51,17253,3/10/2015
140480,60,21021,3/11/2015
140480,46,20392,3/12/2015
140480,62,19686,3/13/2015
140480,70,23276,3/15/2015
140480,70,24007,3/16/2015
140480,59,20110,3/17/2015
140480,64,18332,3/18/2015
140480,67,20124,3/19/2015
140480,62,19491,3/20/2015
140484,102,27112,3/2/2015
140484,72,22744,3/3/2015
140484,67,22945,3/4/2015
140484,99,24398,3/5/2015
140484,89,22190,3/6/2015
140484,94,26300,3/7/2015
140484,86,24888,3/9/2015
140484,92,22907,3/10/2015
140484,82,24371,3/11/2015
140484,85,23757,3/12/2015
140484,93,27594,3/14/2015
140484,83,22003,3/15/2015
140484,95,26993,3/16/2015
140484,82,21935,3/17/2015
140484,89,23340,3/18/2015
140484,98,23653,3/19/2015
140484,70,22490,3/20/2015
140486,55,18962,3/2/2015
140486,52,19284,3/3/2015
140486,52,19559,3/4/2015
140486,57,20596,3/5/2015
140486,48,18454,3/6/2015
140486,44,20421,3/7/2015
140486,46,11296,3/9/2015
140486,62,19781,3/10/2015
140486,50,19441,3/11/2015
140486,55,20209,3/12/2015
140486,53,19572,3/13/2015
140486,49,19322,3/14/2015
140486,48,21051,3/16/2015
140486,45,20344,3/17/2015
140486,57,20155,3/18/2015
140486,58,19525,3/19/2015
140486,65,21049,3/20/2015
140486,77,21698,3/21/2015
140487,87,28142,3/2/2015
140487,103,27695,3/3/2015
140487,66,26139,3/4/2015
140487,62,28377,3/5/2015
140487,68,23148,3/6/2015
140487,80,26301,3/7/2015
140487,79,23879,3/9/2015
140487,69,23121,3/10/2015
140487,78,22146,3/11/2015
140487,118,29264,3/12/2015
140487,173,45146,3/13/2015
140487,154,47373,3/14/2015
140487,44,13758,3/15/2015
140487,75,27668,3/16/2015
140487,72,21637,3/17/2015
140487,72,21222,3/18/2015
140487,67,24326,3/19/2015
140487,79,22146,3/20/2015
140487,83,26961,3/21/2015
140488,60,15885,3/2/2015
140488,72,22611,3/3/2015
140488,66,19939,3/4/2015
140488,67,20904,3/5/2015
140488,67,23544,3/6/2015
140488,92,23856,3/7/2015
140488,85,20401,3/9/2015
140488,82,21044,3/10/2015
140488,65,21469,3/11/2015
140488,78,23178,3/12/2015
140488,65,22504,3/13/2015
140488,89,23260,3/14/2015
140488,75,20272,3/16/2015
140488,72,22084,3/17/2015
140488,78,21163,3/18/2015
140488,66,21655,3/19/2015
140488,77,20069,3/20/2015
140488,101,25688,3/21/2015
140489,33,14440,3/1/2015
140489,13,4109,3/3/2015
140489,65,25152,3/4/2015
140489,78,37903,3/5/2015
140489,49,12160,3/6/2015
140489,9,8882,3/7/2015
140489,57,14559,3/8/2015
140489,49,19839,3/9/2015
140489,3,850,3/10/2015
140489,67,13740,3/11/2015
140489,55,20595,3/12/2015
140489,54,16319,3/13/2015
140489,62,17946,3/15/2015
140489,43,16422,3/16/2015
140489,43,11872,3/18/2015
140489,18,4126,3/19/2015
140489,68,19046,3/20/2015
140489,83,17973,3/21/2015
140490,60,15627,3/1/2015
140490,26,6145,3/2/2015
140490,77,18088,3/3/2015
140490,101,21931,3/4/2015
140490,86,18970,3/5/2015
140490,52,12965,3/6/2015
140490,26,5593,3/7/2015
140490,78,17365,3/8/2015
140490,12,0,3/9/2015
140490,68,13997,3/10/2015
140490,84,18440,3/11/2015
140490,59,14738,3/12/2015
140490,64,14156,3/13/2015
140490,14,3484,3/14/2015
140490,74,20844,3/15/2015
140490,12,3416,3/16/2015
140490,77,19043,3/17/2015
140490,80,20750,3/18/2015
140490,22,7862,3/19/2015
140490,62,15302,3/20/2015
140490,19,3246,3/21/2015
140490,68,15739,3/22/2015
140491,68,18880,3/1/2015
140491,59,18595,3/2/2015
140491,56,18068,3/4/2015
140491,67,19659,3/5/2015
140491,59,18574,3/7/2015
140491,68,19495,3/8/2015
140491,49,17716,3/9/2015
140491,31,9152,3/10/2015
140491,47,18936,3/11/2015
140494,71,19994,3/3/2015
140494,69,17337,3/4/2015
140494,98,25769,3/6/2015
140494,106,29520,3/8/2015
140494,71,19434,3/10/2015
140494,74,18952,3/11/2015
140494,118,29944,3/13/2015
140494,45,11421,3/14/2015
140494,104,30052,3/15/2015
140494,75,19393,3/17/2015
140494,69,20210,3/18/2015
140531,122,26353,3/1/2015
140531,86,23786,3/2/2015
140531,81,24693,3/3/2015
140531,90,26221,3/4/2015
140531,96,23984,3/5/2015
140531,95,24599,3/6/2015
140531,108,23410,3/8/2015
140531,81,23571,3/9/2015
140531,94,23368,3/10/2015
140531,93,25975,3/11/2015
140531,101,26380,3/12/2015
140531,101,26982,3/13/2015
140531,111,27428,3/15/2015
140531,93,23434,3/16/2015
140531,92,23526,3/17/2015
140531,100,25577,3/18/2015
140531,80,23505,3/19/2015
140531,98,22794,3/20/2015
140531,93,26997,3/22/2015
140535,98,27245,3/1/2015
140535,75,22784,3/2/2015
140535,76,21860,3/3/2015
140535,57,21583,3/4/2015
140535,92,22967,3/5/2015
140535,95,22816,3/6/2015
140535,129,29319,3/8/2015
140535,96,24292,3/9/2015
140535,91,24341,3/10/2015
140535,88,23175,3/11/2015
140535,85,21677,3/12/2015
140535,64,16874,3/13/2015
140535,97,26903,3/15/2015
140535,81,23508,3/16/2015
140535,98,26633,3/17/2015
140535,94,22291,3/18/2015
140535,82,22694,3/19/2015
140535,79,22550,3/20/2015
140535,95,27015,3/22/2015
140538,70,15902,3/1/2015
140538,37,8411,3/2/2015
140538,62,12186,3/3/2015
140538,70,14272,3/4/2015
140538,70,15916,3/5/2015
140538,70,14045,3/8/2015
140538,44,5696,3/9/2015
140538,57,13820,3/10/2015
140538,70,14498,3/11/2015
140538,59,12336,3/12/2015
140538,58,12678,3/15/2015
140538,72,13332,3/16/2015
140538,57,13146,3/17/2015
140538,63,13453,3/18/2015
140538,66,11684,3/19/2015
140538,37,8366,3/22/2015
140540,38,17276,3/2/2015
140540,57,23092,3/3/2015
140540,44,17806,3/4/2015
140540,44,16906,3/6/2015
140540,49,18748,3/7/2015
140540,42,8961,3/9/2015
140540,49,17295,3/10/2015
140540,34,16632,3/11/2015
140540,54,19708,3/12/2015
140540,83,33595,3/13/2015
140540,33,20046,3/14/2015
140540,54,21650,3/16/2015
140540,49,20403,3/17/2015
140540,66,21083,3/18/2015
140540,74,22045,3/19/2015
140540,75,20542,3/20/2015
140540,72,23193,3/21/2015
140545,83,22461,3/1/2015
140545,84,22229,3/2/2015
140545,65,20012,3/3/2015
140545,83,23060,3/4/2015
140545,85,23785,3/5/2015
140545,82,21658,3/6/2015
140545,82,24453,3/8/2015
140545,82,9496,3/9/2015
140545,88,23130,3/10/2015
140545,85,21841,3/11/2015
140545,73,20244,3/12/2015
140545,87,21233,3/13/2015
140545,84,22958,3/15/2015
140545,79,22587,3/16/2015
140545,84,24497,3/17/2015
140545,83,23490,3/18/2015
140545,79,23631,3/19/2015
140545,85,22366,3/20/2015
140545,80,24154,3/22/2015
140546,94,15497,3/2/2015
140546,84,14798,3/4/2015
140546,85,16188,3/5/2015
140546,89,14663,3/6/2015
140546,90,14102,3/7/2015
140546,84,15631,3/9/2015
140546,89,16102,3/11/2015
140546,91,17221,3/12/2015
140546,91,15759,3/13/2015
140546,90,13404,3/14/2015
140546,100,15785,3/16/2015
140546,89,15400,3/18/2015
140546,95,16565,3/19/2015
140546,85,16491,3/20/2015
140546,85,13294,3/21/2015
140547,65,22718,3/1/2015
140547,36,18530,3/2/2015
140547,56,20844,3/3/2015
140547,61,20738,3/4/2015
140547,72,21691,3/5/2015
140547,71,22041,3/6/2015
140547,86,22728,3/8/2015
140547,74,22462,3/9/2015
140547,65,21243,3/10/2015
140547,71,22279,3/11/2015
140547,121,22603,3/12/2015
140547,133,21252,3/13/2015
140547,57,21707,3/15/2015
140547,58,19652,3/16/2015
140547,58,22067,3/17/2015
140547,48,21890,3/18/2015
140547,71,20626,3/19/2015
140547,62,19112,3/20/2015
140547,91,20806,3/22/2015
140550,35,11315,3/1/2015
140550,44,15207,3/3/2015
140550,48,16254,3/5/2015
140550,55,18231,3/6/2015
140550,52,17003,3/7/2015
140550,50,16836,3/8/2015
140550,40,14644,3/10/2015
140550,43,15964,3/12/2015
140550,60,18185,3/13/2015
140550,49,18478,3/14/2015
140550,60,17228,3/15/2015
140550,41,14645,3/17/2015
140550,50,14938,3/19/2015
140550,65,17054,3/20/2015
140550,57,19001,3/21/2015
140550,41,15019,3/22/2015
140551,70,13534,3/1/2015
140551,85,18419,3/2/2015
140551,111,26345,3/3/2015
140551,99,20148,3/4/2015
140551,97,21966,3/5/2015
140551,85,20374,3/6/2015
140551,97,25843,3/8/2015
140551,89,17820,3/9/2015
140551,98,20832,3/10/2015
140551,80,21350,3/11/2015
140551,125,30191,3/12/2015
140551,124,29227,3/13/2015
140551,2,601,3/15/2015
140551,84,18100,3/16/2015
140551,99,23833,3/17/2015
140551,96,23986,3/18/2015
140551,96,22881,3/19/2015
140551,84,18583,3/20/2015
140551,104,24610,3/21/2015
140551,97,24460,3/22/2015
140553,90,23852,3/2/2015
140553,84,26539,3/3/2015
140553,84,27928,3/4/2015
140553,95,27282,3/5/2015
140553,72,21339,3/6/2015
140553,97,27313,3/7/2015
140553,104,30341,3/9/2015
140553,96,28408,3/10/2015
140553,73,24065,3/11/2015
140553,127,29220,3/12/2015
140553,104,24872,3/13/2015
140553,97,23805,3/14/2015
140553,74,22430,3/16/2015
140553,66,20243,3/17/2015
140553,61,21563,3/18/2015
140553,81,25826,3/19/2015
140553,80,20475,3/20/2015
140553,96,25606,3/21/2015
140554,64,15163,3/1/2015
140554,66,18906,3/2/2015
140554,81,21724,3/3/2015
140554,68,17769,3/4/2015
140554,69,17350,3/5/2015
140554,69,17443,3/8/2015
140554,74,8907,3/9/2015
140554,73,19380,3/10/2015
140554,69,17407,3/11/2015
140554,58,17525,3/12/2015
140554,67,19597,3/15/2015
140554,68,19462,3/16/2015
140554,64,17541,3/17/2015
140554,35,12044,3/18/2015
140554,67,16490,3/19/2015
140554,53,17762,3/22/2015
140556,85,19595,3/2/2015
140556,80,17580,3/3/2015
140556,79,18851,3/4/2015
140556,84,18564,3/5/2015
140556,82,15406,3/6/2015
140556,95,15568,3/7/2015
140556,101,17137,3/9/2015
140556,88,13196,3/10/2015
140556,88,15442,3/11/2015
140556,87,14886,3/12/2015
140556,86,15163,3/13/2015
140556,95,15290,3/14/2015
140556,98,16454,3/16/2015
140556,88,15736,3/17/2015
140556,86,14048,3/18/2015
140556,84,14436,3/19/2015
140556,87,14467,3/20/2015
140556,94,13466,3/21/2015
150000,96,21624,3/1/2015
150000,86,21447,3/2/2015
150000,89,19826,3/4/2015
150000,82,18659,3/6/2015
150000,93,21997,3/8/2015
150000,88,21846,3/9/2015
150000,81,22709,3/12/2015
150000,86,20940,3/13/2015
150000,76,23296,3/15/2015
150000,78,22385,3/16/2015
150000,92,25025,3/18/2015
150000,77,21103,3/20/2015
150000,85,24304,3/22/2015
150001,96,23576,3/2/2015
150001,83,21255,3/3/2015
150001,73,19054,3/4/2015
150001,75,22210,3/6/2015
150001,95,23729,3/7/2015
150001,77,19836,3/9/2015
150001,93,27985,3/10/2015
150001,78,19451,3/11/2015
150001,83,21770,3/12/2015
150001,97,21369,3/13/2015
150001,95,23112,3/14/2015
150001,68,19464,3/16/2015
150001,94,23076,3/17/2015
150001,77,20781,3/18/2015
150001,72,21115,3/19/2015
150001,81,19867,3/20/2015
150001,103,24018,3/21/2015
150002,89,24295,3/1/2015
150002,96,28593,3/2/2015
150002,91,26040,3/3/2015
150002,89,27467,3/4/2015
150002,84,30305,3/5/2015
150002,79,23675,3/6/2015
150002,91,28542,3/8/2015
150002,94,24918,3/9/2015
150002,74,23719,3/10/2015
150002,88,28847,3/11/2015
150002,56,21622,3/12/2015
150002,67,21863,3/13/2015
150002,77,24514,3/15/2015
150002,74,21939,3/16/2015
150002,82,24915,3/17/2015
150002,78,21030,3/18/2015
150002,55,22497,3/19/2015
150002,70,22945,3/20/2015
150002,86,27711,3/22/2015
150003,59,20961,3/1/2015
150003,64,21322,3/2/2015
150003,72,21790,3/3/2015
150003,75,21729,3/4/2015
150003,32,10682,3/5/2015
150003,60,21160,3/6/2015
150003,56,21734,3/8/2015
150003,71,15090,3/9/2015
150003,73,22888,3/10/2015
150003,78,22230,3/11/2015
150003,66,20681,3/12/2015
150003,67,22023,3/13/2015
150003,50,22266,3/15/2015
150003,67,21989,3/16/2015
150003,75,21916,3/17/2015
150003,69,21947,3/18/2015
150003,68,21750,3/19/2015
150003,68,22162,3/20/2015
150003,58,20744,3/22/2015
150007,63,18101,3/2/2015
150007,86,22717,3/3/2015
150007,84,23402,3/4/2015
150007,59,17860,3/5/2015
150007,81,20122,3/6/2015
150007,62,19478,3/7/2015
150007,73,12753,3/9/2015
150007,72,20035,3/10/2015
150007,80,20407,3/11/2015
150007,63,17516,3/12/2015
150007,68,21149,3/13/2015
150007,63,19559,3/14/2015
150007,73,20873,3/16/2015
150007,70,18626,3/17/2015
150007,71,20864,3/18/2015
150007,66,21112,3/19/2015
150007,64,20618,3/20/2015
150007,74,20954,3/21/2015
150014,70,18327,3/1/2015
150014,75,16701,3/2/2015
150014,91,20403,3/3/2015
150014,96,21982,3/4/2015
150014,65,15710,3/5/2015
150014,79,18903,3/6/2015
150014,57,13215,3/7/2015
150014,73,16973,3/8/2015
150014,83,13673,3/9/2015
150014,72,19354,3/10/2015
150014,76,21527,3/11/2015
150014,68,20549,3/12/2015
150014,89,29979,3/13/2015
150014,109,30640,3/14/2015
150014,66,19998,3/15/2015
150014,77,21869,3/16/2015
150014,64,21848,3/17/2015
150014,76,22343,3/18/2015
150014,71,22736,3/19/2015
150014,80,22894,3/20/2015
150014,73,23411,3/21/2015
150015,64,19685,3/2/2015
150015,56,24041,3/3/2015
150015,77,20969,3/4/2015
150015,79,20830,3/5/2015
150015,79,20324,3/6/2015
150015,101,23159,3/7/2015
150015,60,20914,3/9/2015
150015,78,23882,3/10/2015
150015,86,25067,3/11/2015
150015,96,26441,3/12/2015
150015,92,21670,3/13/2015
150015,98,26249,3/14/2015
150015,86,24841,3/15/2015
150015,77,21484,3/16/2015
150015,104,26587,3/17/2015
150015,73,21296,3/18/2015
150015,69,20556,3/19/2015
150015,73,21497,3/20/2015
150170,7,7233,3/1/2015
150170,48,30155,3/2/2015
150170,51,24006,3/3/2015
150170,38,16313,3/4/2015
150170,14,7192,3/5/2015
150170,60,23094,3/6/2015
150170,49,17113,3/7/2015
150170,7,4655,3/8/2015
150170,57,21773,3/9/2015
150170,56,19542,3/10/2015
150170,65,20116,3/11/2015
150170,7,3478,3/12/2015
150170,64,24848,3/13/2015
150170,46,18161,3/14/2015
150170,6,3523,3/15/2015
150170,63,23512,3/16/2015
150170,63,25112,3/17/2015
150170,58,19166,3/18/2015
150170,5,3134,3/19/2015
150170,76,23442,3/20/2015
150170,75,19861,3/21/2015
150170,9,2132,3/22/2015
150171,12,16069,3/1/2015
150171,6,7216,3/2/2015
150171,21,20970,3/3/2015
150171,20,15997,3/4/2015
150171,7,6158,3/5/2015
150171,29,26239,3/6/2015
150171,22,28977,3/7/2015
150171,21,24042,3/8/2015
150171,3,0,3/9/2015
150171,26,21523,3/10/2015
150171,18,14695,3/11/2015
150171,3,8010,3/12/2015
150171,22,26389,3/13/2015
150171,26,20169,3/14/2015
150171,27,21914,3/15/2015
150171,5,3010,3/16/2015
150171,37,26309,3/17/2015
150171,23,16998,3/18/2015
150171,4,4090,3/19/2015
150171,27,21416,3/20/2015
150171,8,4238,3/21/2015
150171,37,17783,3/22/2015
150172,35,12799,3/1/2015
150172,14,7512,3/2/2015
150172,52,19865,3/3/2015
150172,80,24853,3/4/2015
150172,78,22675,3/5/2015
150172,49,15882,3/6/2015
150172,20,6492,3/7/2015
150172,67,17319,3/8/2015
150172,8,0,3/9/2015
150172,78,20692,3/10/2015
150172,74,25545,3/11/2015
150172,53,22100,3/12/2015
150172,54,20268,3/13/2015
150172,7,3591,3/14/2015
150172,68,19331,3/15/2015
150172,11,3142,3/16/2015
150172,83,22385,3/17/2015
150172,75,24361,3/18/2015
150172,37,10875,3/19/2015
150172,69,18463,3/20/2015
150172,12,3358,3/21/2015
150172,62,18953,3/22/2015
150173,10,12094,3/1/2015
150173,6,6688,3/2/2015
150173,34,30633,3/3/2015
150173,29,26388,3/4/2015
150173,27,21564,3/5/2015
150173,10,7078,3/6/2015
150173,29,24651,3/7/2015
150173,24,17083,3/8/2015
150173,5,0,3/9/2015
150173,32,22901,3/10/2015
150173,35,23751,3/11/2015
150173,36,25621,3/12/2015
150173,5,3328,3/13/2015
150173,34,21328,3/14/2015
150173,31,21014,3/15/2015
150173,7,3609,3/16/2015
150173,46,24926,3/17/2015
150173,35,24315,3/18/2015
150173,11,11007,3/19/2015
150173,6,3151,3/20/2015
150173,25,21730,3/21/2015
150173,30,21353,3/22/2015
150174,5,7695,3/1/2015
150174,22,29703,3/2/2015
150174,25,23209,3/3/2015
150174,18,23150,3/4/2015
150174,16,17184,3/5/2015
150174,7,6459,3/6/2015
150174,24,17094,3/7/2015
150174,2,3441,3/8/2015
150174,26,25428,3/9/2015
150174,18,20691,3/10/2015
150174,27,23523,3/11/2015
150174,24,21175,3/12/2015
150174,4,3433,3/13/2015
150174,23,18781,3/14/2015
150174,5,3488,3/15/2015
150174,35,26734,3/16/2015
150174,21,27018,3/17/2015
150174,15,22525,3/18/2015
150174,10,8926,3/19/2015
150174,5,3292,3/20/2015
150174,26,19437,3/21/2015
150174,3,2953,3/22/2015
150176,36,24787,3/1/2015
150176,40,24154,3/2/2015
150176,35,22840,3/3/2015
150176,38,25056,3/4/2015
150176,38,24638,3/5/2015
150176,52,24811,3/6/2015
150176,40,25156,3/8/2015
150176,51,12943,3/9/2015
150176,48,21001,3/10/2015
150176,54,24952,3/11/2015
150176,46,23597,3/12/2015
150176,54,24603,3/13/2015
150176,57,23847,3/15/2015
150176,57,24361,3/16/2015
150176,56,25628,3/17/2015
150176,59,24315,3/18/2015
150176,59,23576,3/19/2015
150176,50,24780,3/20/2015
150176,46,22072,3/22/2015
150177,15,19129,3/3/2015
150177,28,25250,3/4/2015
150177,33,24990,3/5/2015
150177,41,22200,3/6/2015
150177,22,16154,3/7/2015
150177,38,13361,3/9/2015
150177,41,21371,3/10/2015
150177,49,23724,3/11/2015
150177,52,23115,3/12/2015
150177,50,20719,3/13/2015
150177,46,22031,3/14/2015
150177,32,19596,3/16/2015
150177,43,23863,3/17/2015
150177,42,19703,3/18/2015
150177,49,24155,3/19/2015
150177,51,24621,3/20/2015
150178,30,14454,3/2/2015
150178,61,19255,3/3/2015
150178,75,21957,3/4/2015
150178,77,21407,3/5/2015
150178,87,21448,3/6/2015
150178,71,7856,3/9/2015
150178,79,20693,3/10/2015
150178,90,20535,3/11/2015
150178,75,18775,3/12/2015
150178,93,20541,3/13/2015
150178,94,23228,3/14/2015
150178,72,19542,3/16/2015
150178,80,20490,3/17/2015
150178,50,15654,3/18/2015
150178,78,22385,3/19/2015
150178,50,20892,3/21/2015
150179,20,0,3/2/2015
150179,24,0,3/3/2015
150179,31,24444,3/4/2015
150179,23,17645,3/5/2015
150179,32,0,3/6/2015
150179,28,0,3/7/2015
150179,29,0,3/9/2015
150179,25,19086,3/10/2015
150179,38,23085,3/11/2015
150179,29,22917,3/12/2015
150179,33,18493,3/13/2015
150179,30,18997,3/14/2015
150179,30,23947,3/16/2015
150179,26,22994,3/17/2015
150179,34,21330,3/18/2015
150179,32,19905,3/19/2015
150179,36,21424,3/20/2015
150179,36,20535,3/21/2015
150180,8,11679,3/2/2015
150180,9,13409,3/3/2015
150180,12,15872,3/4/2015
150180,8,13342,3/5/2015
150180,18,22254,3/6/2015
150180,23,26185,3/7/2015
150180,8,0,3/9/2015
150180,12,11885,3/10/2015
150180,16,13259,3/11/2015
150180,13,13577,3/12/2015
150180,20,25577,3/13/2015
150180,23,24614,3/14/2015
150180,8,10326,3/16/2015
150180,9,13780,3/17/2015
150180,16,12970,3/18/2015
150180,14,14316,3/19/2015
150180,24,22646,3/20/2015
150180,34,27471,3/21/2015
150183,10,13881,3/2/2015
150183,11,14040,3/3/2015
150183,19,13813,3/4/2015
150183,15,15070,3/5/2015
150183,21,19613,3/6/2015
150183,36,30639,3/7/2015
150183,14,0,3/9/2015
150183,18,11800,3/10/2015
150183,22,11513,3/11/2015
150183,23,13684,3/12/2015
150183,24,14837,3/13/2015
150183,49,28552,3/14/2015
150183,11,6002,3/16/2015
150183,20,15787,3/17/2015
150183,20,13521,3/18/2015
150183,24,11240,3/19/2015
150183,26,14036,3/20/2015
150183,57,31588,3/21/2015
150183,1,0,3/22/2015
150184,4,4254,3/6/2015
150184,18,18072,3/7/2015
150184,30,23740,3/9/2015
150184,27,20190,3/10/2015
150184,36,25435,3/11/2015
150184,34,18953,3/12/2015
150184,6,2975,3/13/2015
150184,30,17854,3/14/2015
150184,29,25424,3/16/2015
150184,37,23081,3/17/2015
150184,33,22999,3/18/2015
150184,13,7890,3/19/2015
150184,6,3978,3/20/2015
150184,20,13823,3/21/2015
